source_id	snapshot_digest_or_locator	fetched_at	freshness_class	authority_role	byte_count
KB-D01	0cdf139166f1868f4e937a730acbfa40e99fbd51d3c07a4bd026e83a13d78860	2026-08-13T08:53:56Z	current	above	22853
KB-D02	7334e72a31a74f046489bd724a8d09ef83e7b969d6ba8333ca18ede3fd0977c8	2026-08-13T08:53:56Z	current	above	23133
KB-D03	3b04851acb06e872da948930e94df53b7732422fb708f8ebfffcdb8928676d4f	2026-08-13T08:53:56Z	current	above	23401
KB-D04	b5b032d6d6d4e4bcbbe8903f8a18570d9d991677e85cc599f639cf0b447e531a	2026-08-13T08:53:56Z	current	above	24845
KB-D05	e236a812cd3feff8afcdab05b4c3ae805a35929c82a484c385d54211cf9a74f2	2026-08-13T08:53:56Z	current	above	11000
KB-B01	ebcc9a7f00e8f2a4dda76e7b08dd1211175760cc7e66353ded3d409ca812f573	2026-08-13T08:53:56Z	current	above	89875
KB-N01	a8540246bc8680676557239536d8c79f8b9283eb7b68f1b2c4c2a1a5af9e925e	2026-08-13T08:53:56Z	current	above	20452
KB-N03	32f1ec6508addc300202f7891a434ba722ac3bc0955e0cc2119a796c1a5744e7	2026-08-13T08:53:56Z	current	above	6310
FDA-PRECEDENT	c524945c90c836b048ee07084bcac75adba8a01b1ca0ae16b8a742ac388afc5b	2026-08-13T08:53:56Z	current	above	4048
UP-ARIS	e12e07c7b85ee1a4dc07e5463089aa16836af2bf	2026-08-13T08:53:56Z	current	METHOD_SOURCE	86 skills
UP-PRIME	83a0f9f9566219551fcb6ffaf7f519a815749a58	2026-08-13T08:53:56Z	current	SUPPORT	tag v0.7.2
