source_id	disposition	reason	authority_role	security_findings
KB-D01	ADMITTED	hash-verified local corpus	above	0
KB-D02	ADMITTED	hash-verified local corpus	above	0
KB-D03	ADMITTED	hash-verified local corpus	above	0
KB-D04	ADMITTED	hash-verified local corpus	above	0
KB-D05	ADMITTED	hash-verified local corpus	above	0
KB-B01	ADMITTED	hash-verified local corpus	above	0
KB-N01	ADMITTED	hash-verified local corpus	above	0
KB-N03	ADMITTED	hash-verified local corpus	above	0
FDA-PRECEDENT	ADMITTED	hash-verified local corpus	above	0
UP-ARIS	ADMITTED	pin + selected skill hashes	METHOD_SOURCE	0
UP-PRIME	DEFERRED_REFERENCE	N/A_NOT_SELECTED_WITH_REASON (CR-FAR-002/003/005)	SUPPORT	0
