channel_a	channel_b	term	count_a	count_b	agreement	disagreement	note
KB	MEMORY	(none)	0	0	False	True	no-overlap flag for human review
KB	MEMORY	(none)	0	0	False	True	no-overlap flag for human review
KB	MEMORY	(none)	0	0	False	True	no-overlap flag for human review
KB	MEMORY	(none)	0	0	False	True	no-overlap flag for human review
KB	MEMORY	(none)	0	0	False	True	no-overlap flag for human review
KB	MEMORY	(none)	0	0	False	True	no-overlap flag for human review
KB	MEMORY	(none)	0	0	False	True	no-overlap flag for human review
KB	MEMORY	(none)	0	0	False	True	no-overlap flag for human review
KB	MEMORY	(none)	0	0	False	True	no-overlap flag for human review
KB	MEMORY	(none)	0	0	False	True	no-overlap flag for human review
KB	MEMORY	(none)	0	0	False	True	no-overlap flag for human review
KB	MEMORY	(none)	0	0	False	True	no-overlap flag for human review
KB	MEMORY	(none)	0	0	False	True	no-overlap flag for human review
KB	MEMORY	(none)	0	0	False	True	no-overlap flag for human review
KB	MEMORY	(none)	0	0	False	True	no-overlap flag for human review
KB	MEMORY	(none)	0	0	False	True	no-overlap flag for human review
KB	MEMORY	(none)	0	0	False	True	no-overlap flag for human review
KB	MEMORY	(none)	0	0	False	True	no-overlap flag for human review
KB	MEMORY	(none)	0	0	False	True	no-overlap flag for human review
KB	MEMORY	(none)	0	0	False	True	no-overlap flag for human review
KB	MEMORY	(none)	0	0	False	True	no-overlap flag for human review
KB	MEMORY	(none)	0	0	False	True	no-overlap flag for human review
KB	MEMORY	(none)	0	0	False	True	no-overlap flag for human review
KB	MEMORY	(none)	0	0	False	True	no-overlap flag for human review
KB	MEMORY	(none)	0	0	False	True	no-overlap flag for human review
