family	requirement_id	source_count	locator_sha256
HERMES	REQ-RP2-G0	2545	1fb99c9809aa2a299c7b717254aef2357162ef7ff432bf26b7642689f1a7c2be
HERMES	REQ-RP2-G0	2545	c7666d93836cf4c2e6d4bb055fb8e345037ae6a94d1e44f3697cc73b14bb4005
HERMES	REQ-RP2-G0	2545	ed918c70e503ed093062b54efe88032c060ad870043a8c437af8b25caae40dc3
HERMES	REQ-RP2-G1	2545	1fb99c9809aa2a299c7b717254aef2357162ef7ff432bf26b7642689f1a7c2be
HERMES	REQ-RP2-G1	2545	c7666d93836cf4c2e6d4bb055fb8e345037ae6a94d1e44f3697cc73b14bb4005
HERMES	REQ-RP2-G1	2545	ed918c70e503ed093062b54efe88032c060ad870043a8c437af8b25caae40dc3
HERMES	REQ-RP2-H1	2545	1fb99c9809aa2a299c7b717254aef2357162ef7ff432bf26b7642689f1a7c2be
HERMES	REQ-RP2-H1	2545	c7666d93836cf4c2e6d4bb055fb8e345037ae6a94d1e44f3697cc73b14bb4005
HERMES	REQ-RP2-H1	2545	ed918c70e503ed093062b54efe88032c060ad870043a8c437af8b25caae40dc3
HERMES	REQ-RP2-B1	2545	1fb99c9809aa2a299c7b717254aef2357162ef7ff432bf26b7642689f1a7c2be
HERMES	REQ-RP2-B1	2545	c7666d93836cf4c2e6d4bb055fb8e345037ae6a94d1e44f3697cc73b14bb4005
HERMES	REQ-RP2-B1	2545	ed918c70e503ed093062b54efe88032c060ad870043a8c437af8b25caae40dc3
HERMES	REQ-RP2-E2	2545	1fb99c9809aa2a299c7b717254aef2357162ef7ff432bf26b7642689f1a7c2be
HERMES	REQ-RP2-E2	2545	c7666d93836cf4c2e6d4bb055fb8e345037ae6a94d1e44f3697cc73b14bb4005
HERMES	REQ-RP2-E2	2545	ed918c70e503ed093062b54efe88032c060ad870043a8c437af8b25caae40dc3
OPENSPEC	REQ-RP2-C1	43	2fe094dbb90718da619056929c25670338a860af555693ddd6e90e718a663156
OPENSPEC	REQ-RP2-C1	43	ddc64574283344d2ed01df10e93084c005f6b8c2b019888530c3cae9549d7446
OPENSPEC	REQ-RP2-C1	43	034d7a85ae37f21e05cd93c3490b3542292c9f96d7861ae3b920c37622e558d7
OPENSPEC	REQ-RP2-H1	43	2fe094dbb90718da619056929c25670338a860af555693ddd6e90e718a663156
OPENSPEC	REQ-RP2-H1	43	ddc64574283344d2ed01df10e93084c005f6b8c2b019888530c3cae9549d7446
OPENSPEC	REQ-RP2-H1	43	034d7a85ae37f21e05cd93c3490b3542292c9f96d7861ae3b920c37622e558d7
GSTACK	REQ-RP2-C1	50	97bff138a4db2e52156adcf76007d8283e1e31fa649bc9fda5ac7ab5eae21c8c
GSTACK	REQ-RP2-C1	50	8d502734f49c8ba9901c6aaaf01a832f5745b6d7f3f822615d7219bc10b9589b
GSTACK	REQ-RP2-C1	50	04033d37069ada27454d49d6f5cb5a7bf64367ec23fd7520d380a0f253a572f9
GSTACK	REQ-RP2-H1	50	97bff138a4db2e52156adcf76007d8283e1e31fa649bc9fda5ac7ab5eae21c8c
GSTACK	REQ-RP2-H1	50	8d502734f49c8ba9901c6aaaf01a832f5745b6d7f3f822615d7219bc10b9589b
GSTACK	REQ-RP2-H1	50	04033d37069ada27454d49d6f5cb5a7bf64367ec23fd7520d380a0f253a572f9
SPEC_KIT	REQ-RP2-C1	16	d7cca8e0032eb7f5efcbee25f3c7428cc4a49b303cf1d07034b7baa93195385e
SPEC_KIT	REQ-RP2-C1	16	86a0b9fe91d6ed95583bfec8db14878c285fb0b44f997e467d720d4f364fad82
SPEC_KIT	REQ-RP2-C1	16	0ec9ba778a4ce4e8d17f8d9618b881c1406564d7bd6390b414a4a1ba854ecf92
SDLC_PRW	REQ-RP2-D1	6	59d8890275cc8c046e642c9d31d8f6561100e3bf43ddea0a046fcb5a7df2e11e
SDLC_PRW	REQ-RP2-D1	6	0d314bb21827771d719aae06bc8d0c5822b79d38cb1ba04100a6a3f372e98893
SDLC_PRW	REQ-RP2-D1	6	d5d60ba4c9d15daaab0fffd6b1b461e42b3a663bc08e892b52f2ef5d72227822
SDLC_PRW	REQ-RP2-C1	6	59d8890275cc8c046e642c9d31d8f6561100e3bf43ddea0a046fcb5a7df2e11e
SDLC_PRW	REQ-RP2-C1	6	0d314bb21827771d719aae06bc8d0c5822b79d38cb1ba04100a6a3f372e98893
SDLC_PRW	REQ-RP2-C1	6	d5d60ba4c9d15daaab0fffd6b1b461e42b3a663bc08e892b52f2ef5d72227822
CODEX	REQ-RP2-C1	120	c5e8829a2192b2f29039e712b8e6a302177e8def5460fb8c2e0c606608ab702a
CODEX	REQ-RP2-C1	120	dff96bc75a23331e97fa43ca06a7dc725e61eb58f163f561d6a0ce97bdc04f54
CODEX	REQ-RP2-C1	120	81868f64ce46f9942a7ef92211a32b20c6eaec2c1441e5532e4b26ac5536752c
CODEX	REQ-RP2-H1	120	c5e8829a2192b2f29039e712b8e6a302177e8def5460fb8c2e0c606608ab702a
CODEX	REQ-RP2-H1	120	dff96bc75a23331e97fa43ca06a7dc725e61eb58f163f561d6a0ce97bdc04f54
CODEX	REQ-RP2-H1	120	81868f64ce46f9942a7ef92211a32b20c6eaec2c1441e5532e4b26ac5536752c
SKILLS	REQ-RP2-H1	108	05e129e051f014115d752ed66ff636eb8078a0da3ffe1a613033bda5518d2d85
SKILLS	REQ-RP2-H1	108	79d20cc4179717230f3dfe158260741e1fda23644df0cd15f95686f6575a7bd7
SKILLS	REQ-RP2-H1	108	874c6b7d2cf1e1115824632bcd2e2c3e9a077924b4fb0c19d2c850b324c97b37
SKILLS	REQ-RP2-E2	108	05e129e051f014115d752ed66ff636eb8078a0da3ffe1a613033bda5518d2d85
SKILLS	REQ-RP2-E2	108	79d20cc4179717230f3dfe158260741e1fda23644df0cd15f95686f6575a7bd7
SKILLS	REQ-RP2-E2	108	874c6b7d2cf1e1115824632bcd2e2c3e9a077924b4fb0c19d2c850b324c97b37
MEMORY	REQ-RP2-KG1	5	a77a6232e16f8a831984cd1241b72be3c749f8b736c1e727eddcfbed833efaf6
MEMORY	REQ-RP2-KG1	5	b1a2fccaa7c64ea5e8d46dcdbf0dd207a24cbb472e6b40cb48ba5d44ff96d909
MEMORY	REQ-RP2-KG1	5	3152da4e9ec1b3d158c49e8bc07ea9642a8f96d2239d0dd267c00a3840ace171
LLM_WIKI	REQ-RP2-K1	7	0f7de54586b0a1f67bc923bc5a83b35790821912170bfca7b314a8dcc41e8776
LLM_WIKI	REQ-RP2-K1	7	cc7a982f1eee37c7a5702b7243fc44c3e09837868d247f5f50015f8d271db258
LLM_WIKI	REQ-RP2-K1	7	36b9739440d956cc9ee79621023f9f39a029ae037c3304aa09992be24b060feb
LLM_WIKI	REQ-RP2-KG1	7	0f7de54586b0a1f67bc923bc5a83b35790821912170bfca7b314a8dcc41e8776
LLM_WIKI	REQ-RP2-KG1	7	cc7a982f1eee37c7a5702b7243fc44c3e09837868d247f5f50015f8d271db258
LLM_WIKI	REQ-RP2-KG1	7	36b9739440d956cc9ee79621023f9f39a029ae037c3304aa09992be24b060feb
PROMPT	REQ-RP2-G0	24	7afd446a1c0de56fe782b26aadc7b84e56f6f8a06a89dc80ae4f42fa13d8dd06
PROMPT	REQ-RP2-G0	24	b209c398b93595a3ef134143823d5d41be3e3b589ddf9cde94d3c72dded97a46
PROMPT	REQ-RP2-G0	24	0079488ec498d956603726ece58b285fd45c0a1ff3de39e3c6e87636186454b1
PROMPT	REQ-RP2-O1	24	7afd446a1c0de56fe782b26aadc7b84e56f6f8a06a89dc80ae4f42fa13d8dd06
PROMPT	REQ-RP2-O1	24	b209c398b93595a3ef134143823d5d41be3e3b589ddf9cde94d3c72dded97a46
PROMPT	REQ-RP2-O1	24	0079488ec498d956603726ece58b285fd45c0a1ff3de39e3c6e87636186454b1
AGENTS	REQ-RP2-B1	8	b5535acc472536a06020324321c6fc10d1aa45e78dca902d550d05096285801f
AGENTS	REQ-RP2-B1	8	2d583eb85ab63bbf6c651beeb2ddc309b04f0264635c19aaf45c5c1c3c123abc
AGENTS	REQ-RP2-B1	8	1c7cb76622feab93cab26e48c95c71fb70921945b8ad2ddecc170e9c25d2202b
AGENTS	REQ-RP2-F0	8	b5535acc472536a06020324321c6fc10d1aa45e78dca902d550d05096285801f
AGENTS	REQ-RP2-F0	8	2d583eb85ab63bbf6c651beeb2ddc309b04f0264635c19aaf45c5c1c3c123abc
AGENTS	REQ-RP2-F0	8	1c7cb76622feab93cab26e48c95c71fb70921945b8ad2ddecc170e9c25d2202b
ORCA	REQ-RP2-C1	3	e2f6b51b689edc6db45df6a6ca7b21a1a20731a5721550a8a51b89d8c8f77680
ORCA	REQ-RP2-C1	3	dd0d53ce25cf1f10a48de52aa5d4e87510e21f0df18d5083e74ab0345c8f3c11
ORCA	REQ-RP2-C1	3	484e495711564f8b4e3eaf39d7027fcfc33e09424cd5529c2f7f38bcbd607814
OTHER_ENGINEERING	REQ-RP2-C1	57	f20c32a649056eb9a0c6bfc7827c6e533142fb39452dace4b8adb18e00df91e9
OTHER_ENGINEERING	REQ-RP2-C1	57	9dca5db6066072c7faea0b74b7cbbb23d52538c01b5223d01c749d8f204ef1b6
OTHER_ENGINEERING	REQ-RP2-C1	57	18d0f9cf4b1f9064210c737b1429f46816645e30549f0f28c18e005e650d09d3
