requirement_id	taskspec_id	workorder_id	evidence_id	state
REQ-RP2-G0	TS-RP2-G0	WO-RP2-G0	EVD1-G0	FROZEN/ADMITTED/CREATED
REQ-RP2-G1	TS-RP2-G1	WO-RP2-G1	EVD1-G1	FROZEN/ADMITTED/CREATED
REQ-RP2-K1	TS-RP2-K1	WO-RP2-K1	EVD1-K1	FROZEN/ADMITTED/CREATED
REQ-RP2-D1	TS-RP2-D1	WO-RP2-D1	EVD1-D1	FROZEN/ADMITTED/CREATED
REQ-RP2-C1	TS-RP2-C1	WO-RP2-C1	EVD1-C1	FROZEN/ADMITTED/CREATED
REQ-RP2-H1	TS-RP2-H1	WO-RP2-H1	EVD1-H1	FROZEN/ADMITTED/CREATED
REQ-RP2-O1	TS-RP2-O1	WO-RP2-O1	EVD1-O1	FROZEN/ADMITTED/CREATED
REQ-RP2-B1	TS-RP2-B1	WO-RP2-B1	EVD1-B1	FROZEN/ADMITTED/CREATED
REQ-RP2-F0	TS-RP2-F0	WO-RP2-F0	EVD1-F0	FROZEN/ADMITTED/CREATED
REQ-RP2-CF1	TS-RP2-CF1	WO-RP2-CF1	EVD1-CF1	FROZEN/ADMITTED/CREATED
REQ-RP2-F1	TS-RP2-F1	WO-RP2-F1	EVD1-F1	FROZEN/ADMITTED/CREATED
REQ-RP2-KG1	TS-RP2-KG1	WO-RP2-KG1	EVD1-KG1	FROZEN/ADMITTED/CREATED
REQ-RP2-SQP1	TS-RP2-SQP1	WO-RP2-SQP1	EVD1-SQP1	FROZEN/ADMITTED/CREATED
REQ-RP2-S1	TS-RP2-S1	WO-RP2-S1	EVD1-S1	FROZEN/ADMITTED/CREATED
REQ-RP2-E1	TS-RP2-E1	WO-RP2-E1	EVD1-E1	FROZEN/ADMITTED/CREATED
REQ-RP2-E2	TS-RP2-E2	WO-RP2-E2	EVD1-E2	FROZEN/ADMITTED/CREATED
REQ-RP2-E3	TS-RP2-E3	WO-RP2-E3	EVD1-E3	FROZEN/ADMITTED/CREATED
REQ-RP2-R1	TS-RP2-R1	WO-RP2-R1	EVD1-R1	FROZEN/ADMITTED/CREATED
